{"timestamp": 1757231912.5077941, "feed_id": "12a33f5c", "names": ["Top Left", "Top Right", "Bottom Left", "Bottom Right"], "counts": [0, 0, 1, 4], "densities": [0.0, 0.0, 0.4340277777777778, 1.7361111111111112], "highest_zone": 3}