{"timestamp": 1757174574.5134633, "feed_id": "13989f87", "names": ["Top Left", "Top Right", "Bottom Left", "Bottom Right"], "counts": [10, 7, 4, 5], "densities": [4.340277777777778, 3.0381944444444446, 1.7361111111111112, 2.170138888888889], "highest_zone": 0}