{"timestamp": 1757250100.7077494, "feed_id": "2d84d72f", "names": ["Top Left", "Top Right", "Bottom Left", "Bottom Right"], "counts": [3, 7, 3, 3], "densities": [1.3020833333333335, 3.0381944444444446, 1.3020833333333335, 1.3020833333333335], "highest_zone": 1}