{"timestamp": 1757237409.4916432, "feed_id": "306620c7", "names": ["Top Left", "Top Right", "Bottom Left", "Bottom Right"], "counts": [6, 8, 4, 3], "densities": [2.604166666666667, 3.4722222222222223, 1.7361111111111112, 1.3020833333333335], "highest_zone": 1}