{"timestamp": 1757175651.7803981, "feed_id": "63531dcd", "names": ["Top Left", "Top Right", "Bottom Left", "Bottom Right"], "counts": [1, 3, 4, 8], "densities": [0.4340277777777778, 1.3020833333333335, 1.7361111111111112, 3.4722222222222223], "highest_zone": 3}