{"timestamp": 1757252732.661981, "feed_id": "6fc9de37", "names": ["Top Left", "Top Right", "Bottom Left", "Bottom Right"], "counts": [7, 7, 3, 4], "densities": [3.0381944444444446, 3.0381944444444446, 1.3020833333333335, 1.7361111111111112], "highest_zone": 0}