{"timestamp": 1757186994.365064, "feed_id": "9ff0c08e", "names": ["Top Left", "Top Right", "Bottom Left", "Bottom Right"], "counts": [0, 0, 1, 3], "densities": [0.0, 0.0, 0.4340277777777778, 1.3020833333333335], "highest_zone": 3}