{"timestamp": 1757232034.5251534, "feed_id": "a11cce9c", "names": ["Top Left", "Top Right", "Bottom Left", "Bottom Right"], "counts": [0, 0, 1, 0], "densities": [0.0, 0.0, 0.4340277777777778, 0.0], "highest_zone": 2}