{"timestamp": 1757192288.950127, "feed_id": "a22b0676", "names": ["Top Left", "Top Right", "Bottom Left", "Bottom Right"], "counts": [0, 0, 4, 2], "densities": [0.0, 0.0, 1.7361111111111112, 0.8680555555555556], "highest_zone": 2}