{"timestamp": 1757176127.6724718, "feed_id": "ae812b92", "names": ["Top Left", "Top Right", "Bottom Left", "Bottom Right"], "counts": [5, 4, 10, 6], "densities": [2.170138888888889, 1.7361111111111112, 4.340277777777778, 2.604166666666667], "highest_zone": 2}