{"timestamp": 1757246077.1485915, "feed_id": "d82395fc", "names": ["Top Left", "Top Right", "Bottom Left", "Bottom Right"], "counts": [7, 5, 2, 3], "densities": [3.0381944444444446, 2.170138888888889, 0.8680555555555556, 1.3020833333333335], "highest_zone": 0}