{"timestamp": 1757228862.2827394, "feed_id": "f0c9c951", "names": ["Top Left", "Top Right", "Bottom Left", "Bottom Right"], "counts": [4, 10, 1, 4], "densities": [1.7361111111111112, 4.340277777777778, 0.4340277777777778, 1.7361111111111112], "highest_zone": 1}