{"timestamp": 1757249015.3203776, "feed_id": "f5c72dd8", "names": ["Top Left", "Top Right", "Bottom Left", "Bottom Right"], "counts": [5, 8, 3, 3], "densities": [2.170138888888889, 3.4722222222222223, 1.3020833333333335, 1.3020833333333335], "highest_zone": 1}